Municipalidad;Categoria
M. D. DE CHETO;F
M. D. DE LEVANTO;F
M. D. DE CHISQUILLA;F
M. D. DE SHIPASBAMBA;F
M. D. DE LONYA CHICO;F
M. D. DE MARIA;F
M. D. DE AQUIA;F
M. D. DE YANAC;F
M. D. DE ACAS;F
M. D. DE LACABAMBA;F
M. D. DE PALLASCA;F
M. D. DE TAUCA;F
M. D. DE PAMPAS CHICO;F
M. D. DE ACOBAMBA;F
M. D. DE ALFONSO UGARTE;F
M. D. DE CHINGALPO;F
M. D. DE CAPAYA;F
M. D. DE SAÑAYCA;F
M. D. DE CHOCO;F
M. D. DE MACHAGUAY;F
M. D. DE UÑON;F
M. D. DE HUAMBO;F
M. D. DE TORO;F
M. D. DE SAISA;F
M. D. DE PUYUSCA;F
M. D. DE COLTA;F
M. D. DE CARHUANCA;F
M. D. DE JORGE CHAVEZ;F
M. D. DE PION;F
M. D. DE SEXI;F
M. D. DE IZCUCHACA;F
M. D. DE PILCHACA;F
M. D. DE HUANCA HUANCA;F
M. D. DE JULCAMARCA;F
M. D. DE AURAHUA;F
M. D. DE HUAMATAMBO;F
M. D. DE TANTARA;F
M. D. DE LA MERCED;F
M. D. SAN MIGUEL DE MAYOCC;F
M. D. STGO. DE QUIRAHUARA;F
M. D. DE BAÑOS;F
M. D. DE SAN FRANCISCO DE ASIS;F
M. D. DE TIBILLO;F
M. D. DE CHACAPAMPA;F
M. D. DE CULLHUAS;F
M. D. DE QUICHUAY;F
M. D. DE MASMA;F
M. D. DE PACA;F
M. D. DE PANCAN;F
M. D. DE ONDORES;F
M. D. DE PALCAMAYO;F
M. D. DE UCHUMARCA;F
M. D. DE PACARAN;F
M. D. DE SUMBILCA;F
M. D. DE LAHUAYTAMBO;F
M. D. SAN ANDRES DE TUPICOCHA;F
M. D. DE CHECRAS;F
M. D. DE SANTA LEONOR;F
M. D. DE AYAUCA;F
M. D. DE HUANGASCAR;F
M. D. DE QUINCHES;F
M. D. DE TUPE;F
M. D. DE VIÑAC;F
M. D. DE INAHUAYA;F
M. D. DE ROSA PANDURO;F
M. D. DE PALCA;F
M. D. DE PARATIA;F
M. D. DE TINICACHI;F
M. D. DE UNICACHI;F
M. D. DE AGUA BLANCA;F
M. D. DE SACANCHE;F
M. D. DE PAPAPLAYA;F
M. D. HEROES ALBARRACIN;F
M. D. DE HUANCAS;E
M. D. DE MAGDALENA;E
M. D. MARISCAL CASTILLA;E
M. D. DE MONTEVIDEO;E
M. D. DE SAN FRANCISCO;E
M. D. DE LUYA VIEJO;E
M. D. DE COCHAMAL;E
M. D. DE ABELARDO PARDO;E
M. D. DE CANIS;E
M. D. DE MANGAS;E
M. D. DE PACLLON;E
M. D. DE YUPAN;E
M. D. DE CAJAMARQUILLA;E
M. D. DE LLIPA;E
M. D. SAN CRISTOBAL DE RAJAN;E
M. D. DE SANTIAGO DE CHILCAS;E
M. D. DE POMACOCHA;E
M. D. SAN JUAN DE CHACÑA;E
M. D. DE VIRUNDO;E
M. D. DE AYO;E
M. D. DE MACA;E
M. D. DE CABANA;E
M. D. DE MARCABAMBA;E
M. D. DE BELEN;E
M. D. DE SANTIAGO DE PAUCARAY;E
M. D. DE APONGO;E
M. D. DE SARHUA;E
M. D. DE CONAYCA;E
M. D. DE HUAYLLAHUARA;E
M. D. MARISCAL CÁCERES;E
M. D. DE QUEROPALCA;E
M. D. DE CARHUACALLANGA;E
M. D. DE ACO;E
M. D. DE CANCHAYLLO;E
M. D. DE HUARIPAMPA;E
M. D. DE MARCO;E
M. D. DE MUQUI;E
M. D. DE MUQUIYAUYO;E
M. D. DE UCUNCHA;E
M. D. DE HUAROS;E
M. D. DE LACHAQUI;E
M. D. DE LAMPIAN;E
M. D. DE SAN MIGUEL DE ACOS;E
M. D. DE 27 NOVIEMBRE;E
M. D. DE CALLAHUANCA;E
M. D. DE HUACHUPAMPA;E
M. D. DE HUANZA;E
M. D. DE SAN PEDRO DE LARAOS;E
M. D. DE SAN DAMIAN;E
M. D. SAN JUAN DE TANTARANCHE;E
M. D. DE SAN PEDRO DE CASTA;E
M. D. SAN PEDRO DE HUANCAYRE;E
M. D. SANTIAGO DE ANCHUCAYA;E
M. D. SANTIAGO DE TUNA;E
M. D. DE PACHANGARA;E
M. D. DE HONGOS;E
M. D. DE HUAMPARA;E
M. D. DE HUANCAYA;E
M. D. DE HUAÑEC;E
M. D. DE QUINOCAY;E
M. D. DE SAN PEDRO DE PILAS;E
M. D. DE VITIS;E
M. D. DE CHACAYAN;E
M. D. DE TAPUC;E
M. D. DE HABANA;E
M. D. DE TINGO DE SAPOSOA;E
M. D. DE POSIC;E
M. D. DE CHIPURANA;E
M. D. DE SHAPAJA;E
M. D. DE CAIRANI;E
M. D. DE ESTIQUE;E
M. D. DE SUSAPAYA;E
M. D. DE TICACO;E
M. D. DE BALSAS;G
M. D. DE CHILIQUIN;G
M. D. DE CHUQUIBAMBA;G
M. D. DE SOLOCO;G
M. D. DE SANTA CATALINA;G
M. D. DE LIMABAMBA;G
M. D. DE SANTA ROSA;G
M. D. DE HUANCHAY;G
M. D. DE PAMPAS GRANDE;G
M. D. DE CHACCHO;G
M. D. DE ATAQUERO;G
M. D. DE HUAYLAS;G
M. D. DE SANTA ROSA;G
M. D. SAN PEDRO DE CACHORA;G
M. D. DE HUAYLLO;G
M. D. DE TINTAY;G
M. D. DE LOS CHANKAS;G
M. D. DE AHUAYRO;G
M. D. DE TIPAN;G
M. D. DE MARIA PARADO;G
M. D. DE PUTIS;G
M. D. DE LUIS CARRANZA;G
M. D. DE CHUMUCH;G
M. D. DE CHIMBAN;G
M. D. DE TOCMOCHE;G
M. D. DE SAN JUAN DE CUTERVO;G
M. D. DE NANCHOC;G
M. D. DE SAN GREGORIO;G
M. D. DE SAN LUIS;G
M. D. DE ANDABAMBA;G
M. D. DE LA ESPERANZA;G
M. D. DE CUENCA;G
M. D. DE CHUPAMARCA;G
M. D. DE COCAS;G
M. D. DE SANTA ANA;G
M. D. STO. DOMINGO DE CAPILLAS;G
M. D. DE SHUNQUI;G
M. D. DE CANCHABAMBA;G
M. D. DE COCHABAMBA;G
M. D. DE ARANCAY;G
M. D. DE JIRCAN;G
M. D. DE STO. DOMINGO DE ANDA;G
M. D. DE CHACABAMBA;G
M. D. DE PAMPAMARCA;G
M. D. DE COCHAS;G
M. D. DE HEROINAS TOLEDO;G
M. D. DE JANJAILLO;G
M. D. DE PACCHA;G
M. D. DE YANACANCHA;G
M. D. DE LA CUESTA;G
M. D. DE PARANDAY;G
M. D. DE CHOCHOPE;G
M. D. DE COCHAMARCA;G
M. D. DE NAVAN;G
M. D. DE AZANGARO;G
M. D. DE LINCHA;G
M. D. DE SAN JUAN DE SALINAS;G
M. D. DE INCHUPALLA;G
M. D. DE CALAPUJA;G
M. D. DE NICASIO;G
M. D. DE OCUVIRI;G
M. D. DE TILALI;G
M. D. DE PEDRO VILCA APAZA;G
M. D. DE SINA;G
M. D. DE SANTA MARIA DEL MAR;C
M. D. SAN MIGUEL DE ACO;G
M. D. DE ETEN PUERTO;E
M. D. DE HUANUARA;E
M. D. DE OCAÑA;F
M. D. DE LUCANAS;F
M. D. SAN JOSE DE TICLLAS;G
M. D. DE TINTAY PUNCU;G
M. D. DE ORONCCOY;G
M. D. STGO. DE CHOCORVOS;G
M. D. DE COAYLLO;F
M. D. DE QUINISTAQUILLAS;F
M. D. DE COPORAQUE;F
M. D. DE TOMEPAMPA;F
M. D. SAN JAVIER DE ALPABAMBA;G
M. D. DE CUPI;G
M. D. DE ACZO;F
M. D. DE HUERTAS;E
M. D. DE HUACRAPUQUIO;E
M. D. DE CORDOVA;G
M. D. DE PALLANCHACRA;F
M. D. DE ARMA;G
M. D. DE CORCULLA;F
M. D. DE HUARICOLCA;F
M. D. DE MANZANARES;E
M. D. DE JULCAN;E
M. D. DE LLALLI;F
M. D. DE GORGOR;G
M. D. DE SAN JUAN;E
M. D. DE HUAYLILLAS;F
M. D. DE LONGUITA;G
M. D. DE POMACOCHA;F
M. D. DE LAMBRAS;G
M. D. SAN FRANCISCO RIVACAYCO;F
M. D. DE LLAUTA;F
M. D. DE YUNGA;F
M. D. DE LARIA;F
M. D. DE SAN JUAN;G
M. D. DE MATALAQUE;F
M. D. DE TIQUILLACA;G
M. D. DE QUISHUAR;E
M. D. DE TORAYA;G
M. D. DE MAMARA;F
M. D. DE CHINCHO;G
M. D. DE MASMA CHICCHE;G
M. D. DE SANTA LUCIA;E
M. D. DE NINABAMBA;G
M. D. DE SIBAYO;E
M. D. DE INGENIO;E
M. D. DE CHIPAO;F
M. D. DE ACCOMARCA;E
M. D. DE FIDEL OLIVAS;G
M. D. DE CARAPO;E
M. D. DE SAN ANTONIO;E
M. D. DE ATAVILLOS ALTO;E
M. D. DE YAULI;E
M. D. DE SAN JERONIMO;G
M. D. DE MOLINOS;E
M. D. DE PACHACONAS;E
M. D. DE SAN MIGUEL CORPANQUI;E
M. D. DE MOLLEPAMPA;G
M. D. DE SANTA CRUZ;G
M. D. DE SARA SARA;E
M. D. DE PACARAOS;E
M. D. DE LA PAMPA;E
M. D. DE CHUPURO;F
M. D. DE LLOCLLAPAMPA;E
M. D. DE RIO MAGDALENA;G
M. D. DE CASCAPARA;G
M. D. DE CARMEN SALCEDO;E
M. D. DE CAHUAC;F
M. D. DE ANAPIA;E
M. D. DE ATIQUIPA;G
M. D. DE ACO;F
M. D. DE CHURUJA;E
M. D. DE SICSIBAMBA;F
M. D. GOYLLARISQUIZGA;E
M. D. DE COTAPARACO;E
M. D. DE ANTIOQUIA;G
M. D. DE SANTIAGO DE CHALLAS;F
M. D. DE ANDAGUA;E
M. D. SAN PEDRO DE PILLAO;E
M. D. DE CAHUACHO;G
M. D. DE MATO;F
M. D. DE NUEVO OCCORO;G
M. D. DE SAN PEDRO;F
M. D. DE HUAYLLATI;G
M. D. DE CARAYBAMBA;E
M. D. DE OCOYO;G
M. D. SAN PEDRO DE CHAULAN;G
M. D. DE TURPAY;E
M. D. HUAYACUNDO ARMA;F
M. D. DE YAUCA;E
M. D. DE TANTA;E
M. D. DE TONGOD;G
M. D. DE SAN PEDRO CHUNAN;E
M. D. DE APU SAHUARAURA;G
M. D. DE POCSI;F
M. D. DE UBINAS;F
M. D. DE SAN ANTONIO ANTAPARCO;G
M. D. DE CUJILLO;G
M. D. DE CHOJATA;F
M. D. DE MICAELA BASTIDAS;F
M. D. DE CALANGO;F
M. D. DE OTOCA;G
M. D. DE MARISCAL CASTILLA;G
M. D. DE TICLLOS;E
M. D. DE HUANCAPON;F
M. D. DE FITZCARRALD;G
M. D. ANTONIO RAYMONDI;G
M. D. DE VITOC;G
M. D. DE EL PRADO;G
M. D. DE RICRAN;F
M. D. DE SANGALLAYA;G
M. D. DE ATAVILLOS BAJO;E
M. D. DE COLPAS;G
M. D. DE COPA;E
M. D. DE MIRAFLORES;E
M. D. SAN ISIDRO HUIRPACANCHA;G
M. D. SAN JUAN DE RONTOY;G
M. D. DE HUAYAN;F
M. D. DE MALVAS;F
M. D. SAN JUAN DE LICUPIS;G
M. D. DE UTCO;G
M. D. DE HUAMANTANGA;E
M. D. DE LARAMARCA;E
M. D. DE ICHOCAN;G
M. D. DE TICRAPO;F
M. D. DE JIVIA;G
M. D. DE QUECHUALLA;G
M. D. DE HUASTA;E
M. D. DE CALLANMARCA;E
M. D. DE TOMAS;F
M. D. DE QUITO ARMA;G
M. D. DE SAN BUENAVENTURA;E
M. D. DE MITO;F
M. D. DE PILLUANA;E
M. D. DE YAQUERANA;F
M. D. DE SAN JUAN DE ISCOS;F
M. D. DE SAURAMA;G
M. D. DE TUNAN MARCA;E
M. D. DE SAN JUAN DE JARPA;F
M. D. DE LA FLORIDA;G
M. D. DE CAUJUL;F
M. D. DE SAN BARTOLOME;F
M. D. DE COLCABAMBA;F
M. D. DE TAPACOCHA;F
M. D. DE CASPISAPA;E
M. D. SAN FRANCISCO DEL YESO;F
M. D. SAN ANTONIO CUSICANCHA;G
M. D. DE MANAS;F
M. D. DE SAN JOAQUIN;E
M. D. DE HUAYANA;F
M. D. DE CARAMPOMA;E
M. D. DE CONCEPCION;G
M. D. DE PARIAHUANCA;F
M. D. DE RECTA;G
M. D. DE SAN CRISTOBAL;E
M. D. DE LAJAS;G
M. D. DE SINGA;G
M. D. DE SINSICAP;G
M. D. DE CHAVIN DE PARIARCA;F
M. D. DE HUASO;G
M. D. DE PACORA;F
M. D. DE PAMPA HERMOSA;G
M. D. DE TINCO;F
M. D. DE SECCLLA;G
M. D. SANTO DOMINGO ACOBAMBA;G
M. D. DE COVIRIALI;G
M. D. DE SANTO TOMAS;G
M. D. DE BARRANQUITA;F
M. D. DE VILQUE;G
M. D. DE SINCOS;F
M. D. DE JACAS GRANDE;G
M. D. DE LA PUNTA;D
M. D. DE CHONTABAMBA;F
M. D. DE PAMPAS;F
M. D. DE COPANI;G
M. D. DE PAUCARBAMBA;G
M. D. DE MONZON;F
M. D. DE SANTA CRUZ CHUCA;G
M. D. DE HUASAHUASI;F
M. D. DE YUNGAR;G
M. D. DE HUACHAC;F
M. D. DE MONTERO;G
M. D. DE PAUCARCOLLA;G
M. D. DE ACOLLA;E
M. D. DE SAN BENITO;G
M. D. DE LUCMA;G
M. D. DE YONAN;F
M. D. DE PISCOYACU;F
M. D. DE ANDABAMBA;G
M. D. DE MOLLEPATA;F
M. D. DE RICARDO PALMA;E
M. D. DE HUAYLLAN;G
M. D. DE SALLIQUE;G
M. D. DE SHAMBOYACU;G
M. D. DE COPALLIN;F
M. D. DE EL CENEPA;G
M. D. DE ACOCHACA;G
M. D. DE TICAPAMPA;F
M. D. DE JOSE MARIA ARGUEDAS;E
M. D. DE ACOS VINCHOS;G
M. D. DE CANARIA;E
M. D. DE CHETILLA;G
M. D. DE MIGUEL IGLESIAS;G
M. D. DE CHOROS;G
M. D. DE PIMPINGOS;G
M. D. DE NAMBALLE;G
M. D. JOSE MANUEL QUIROZ;G
M. D. DE CACHIMAYO;F
M. D. DE ANTA;G
M. D. DE CONCHAMARCA;G
M. D. DE PACHAS;F
M. D. DE OBAS;G
M. D. DE ANDAMARCA;G
M. D. DE MATAHUASI;E
M. D. DE SAN LUIS DE SHUARO;F
M. D. DE ULCUMAYO;G
M. D. DE ACOBAMBA;F
M. D. DE HUAMANCACA CHICO;E
M. D. DE ETEN;E
M. D. DE SAN BARTOLO;C
M. D. SANTA CRUZ DE FLORES;E
M. D. STA. CRUZ DE COCACHACRA;E
M. D. DE CALETA DE CARQUIN;D
M. D. DE INDIANA;F
M. D. DE YAVARI;G
M. D. DE TINYAHUARCO;E
M. D. DE VICCO;E
M. D. DE POZUZO;G
M. D. DE LALAQUIZ;G
M. D. DE ATUNCOLLA;G
M. D. DE CHUCUITO;G
M. D. DE PICHACANI;F
M. D. DE CAMINACA;G
M. D. DE TIRAPATA;G
M. D. DE COJATA;F
M. D. DE CONIMA;G
M. D. DE HUALLAGA;F
M. D. DE SAN PABLO;E
M. D. DE SAN RAFAEL;E
M. D. DE RUMISAPA;F
M. D. DE YURACYACU;E
M. D. DE SANTA LUCIA;G
M. D. DE SAN JUAN DE LA VIRGEN;E
M. P. HUALGAYOC - BAMBAMARCA;B
M. P. DE ATALAYA - RAYMONDI;B
M. D. DE VEINTISEIS OCTUBRE;D
M. P. SAN ROMAN - JULIACA;A
M. D. DE HUANCHACO;D
M. D. DE PAUCARPATA;D
M. P. DE CHICLAYO;A
M. P. DE CAJABAMBA;B
M. P. DE HUARAL;A
M. D. DE PUENTE PIEDRA;C
M. P. DE HUANCAYO;A
M. P. DE VIRU;A
M. D. DE PUEBLO NUEVO;D
M. D. DE SAN JERONIMO;D
M. P. DE OXAPAMPA;B
M. P. DE CAÑETE - SAN VICENTE;A
M. D. SAN JUAN DE LURIGANCHO;C
M. D. DE ATE - VITARTE;C
M. D. DE CARABAYLLO;C
M. D. DE CIENEGUILLA;C
M. P. DE SATIPO;A
M. D. DE SAN ISIDRO;C
M. P. DE ASCOPE;B
M. P. DE MAYNAS - IQUITOS;A
M. D. DE ALTO DE LA ALIANZA;D
M. P. DE ZARUMILLA;A
M. P. DE AZANGARO;A
M. P. RODRIGUEZ DE MENDOZA;B
M. P. DE CONDORCANQUI - NIEVA;B
M. P. DE PAUCARTAMBO;B
M. D. DE LA MOLINA;C
M. P. DE ABANCAY;A
M. P. DE YUNGAY;B
M. P. DE PADRE ABAD - AGUATIA;B
M. D. DE MOCHE;D
M. P. DE CARAVELI;B
M. P. DE TRUJILLO;A
M. D. DE CHORRILLOS;C
M. P. DE TAHUAMANU - IÑAPARI;B
M. P. DE HUAMANGA;A
M. D. DE EL AGUSTINO;C
M. P. LEONCIO PRADO -RUPA RUPA;A
M. P. DE POMABAMBA;B
M. P. CONDESUYOS-CHUQUIBAMBA;B
M. D. DE YARINACOCHA;D
M. D. DE SAN CLEMENTE;D
M. P. DE CHUCUITO - JULI;B
M. P. DE CHEPEN;A
M. D. DE SAN MIGUEL;D
M. P. EL COLLAO - ILAVE;A
M. D. DE PUEBLO NUEVO;D
M. P. QUISPICANCHIS - URCOS;B
M. D. DE HUAYUCACHI;D
M. P. DE PARURO;B
M. P. DE CORONGO;B
M. P. DE CELENDIN;B
M. P. DE PALLASCA - CABANA;B
M. P. PASCO - CHAUPIMARCA;A
M. P. DE ACOMAYO;B
M. D. DE COMAS;C
M. P. PACASMAYO-SAN PEDRO;B
M. D. DE SANTA ROSA DE SACCO;D
M. P. UCAYALI - CONTAMANA;B
M. D. DE RIMAC;C
M. D. DE MAGDALENA DEL MAR;C
M. D. DE MORALES;D
M. D. DE LAS PIEDRAS;D
M. D. DE SAN BORJA;C
M. D. DE GROCIO PRADO;D
M. D. DE LA VICTORIA;C
M. D. DE HUANCAN;D
M. P. DE SAN MARCOS - GALVEZ;B
M. P. DE OCROS;B
M. D. DE YANACANCHA;D
M. P. DE OYON;B
M. D. DE EL TAMBO;D
M. P. DE VILCAS HUAMAN;B
M. P. ANTONIO RAYMONDI;B
M. P. DE CHURCAMPA;B
M. P. DE JUNIN;B
M. P. DE BOLIVAR;B
M. P. DE TOCACHE;B
M. P. DE CASTROVIRREYNA;B
M. D. DE LOS OLIVOS;C
M. D. DE ANCON;C
M. P. DE CONCEPCION;B
M. D. DE AMARILIS;D
M. P. DE PUERTO INCA;B
M. P. DE PARINACOCHAS;B
M. P. ASUNCION - CHACAS;B
M. P. DE TARATA;B
M. P. DE HUAROCHIRI - MATUCANA;B
M. D. DE SALAVERRY;D
M. P. DE PURUS;B
M. P. DE SAN PABLO;B
M. P. DE JAUJA;A
M. P. DE MRC. RAMON CASTILLA;B
M. D. DE BELLAVISTA;D
M. D. DE SAN RAMON;D
M. P. PAUCAR SARA SARA;B
M. P. DE DANIEL CARRION;B
M. D. DE PERENE;D
M. P. DE MOHO;B
M. P. DE SIHUAS;B
M. P. DE CHINCHEROS;B
M. P. VICTOR FAJARDO - HUANCAPI;B
M. P. DE HUAYTARA;B
M. D. DE BELLAVISTA;D
M. D. DE JESUS NAZARENO;D
M. P. DE PUTUMAYO;B
M. P. DE HUANCA SANCOS;B
M. P. DE HUACAYBAMBA;B
M. D. DE LA ARENA;D
M. D. TUPAC AMARU INCA;D
M. D. DE ASCENSION;D
M. D. DE TAMBURCO;D
M. D. DE BREÑA;C
M. D. DE PILLCO MARCA;D
M. D. DE SAN ANDRES;D
M. D. DE SANTA MARIA;D
M. D. DE TUMAN;D
M. D. DE SURQUILLO;C
M. D. DE EL PORVENIR;D
M. D. DE SAPALLANGA;D
M. D. DE HUALMAY;D
M. D. DE PUNTA HERMOSA;C
M. D. DE PUEBLO LIBRE;C
M. D. DE SAN AGUSTIN;D
M. D. DE PILCOMAYO;D
M. D. DE CHIGUATA;D
M. D. DE YANAHUARA;D
M. D. ANDRES A. CACERES;D
M. D. CARMEN DE LA LEGUA;D
M. D. DE CASTILLO GRANDE;D
M. D. DE MONSEFU;D
M. D. DE POMALCA;D
M. D. DE JESUS MARIA;C
M. D. DE SIMON BOLIVAR;D
M. D. DE SAUSA;D
M. D. DE HUALHUAS;D
M. D. DE HUAYLLAY;E
M. D. DE CAYALTI;E
M. D. DE LARAOS;E
M. D. DE CHILCA;E
M. D. DE PAUCARTAMBO;E
M. D. DE LEONOR ORDOÑEZ;E
M. D. DE PAUCAS;E
M. D. DE SAN JOSE;E
M. D. DE MANCORA;E
M. D. DE VARGAS GUERRA;E
M. D. DE PARACAS;E
M. D. DE SANTA;E
M. D. DE PACANGA;E
M. D. DE BUENOS AIRES;E
M. D. DE LEIMEBAMBA;E
M. D. DE VICHAYAL;E
M. D. DE MARCAVELICA;E
M. D. DE SANTA ROSA;E
M. D. DE LA HUACA;E
M. D. DE HUAY-HUAY;E
M. D. DE AYNA;E
M. D. DE RAHUAPAMPA;E
M. D. DE CERRO AZUL;E
M. D. DE ALTO LARAN;E
M. D. DE ZAÑA;E
M. D. DE LABERINTO;E
M. D. DE CURA MORI;E
M. D. DE NINACACA;E
M. D. DE CUCHUMBAYA;E
M. D. DE CARHUAMAYO;E
M. D. DE PUCALA;E
M. D. DE CAYLLOMA;E
M. D. DE ASIA;E
M. D. DE AUCALLAMA;E
M. D. DE CRESPO Y CASTILLO;E
M. D. DE QUILMANA;E
M. D. DE MEJIA;E
M. D. SAN JERONIMO DE TUNAN;E
M. D. DE ANANEA;E
M. D. DE NUEVE DE JULIO;E
M. D. DE ORCOTUNA;E
M. D. DE VIQUES;E
M. D. DE ORCOPAMPA;E
M. D. DE TAMARINDO;E
M. D. DE SALITRAL;E
M. D. DE COLQUIOC;E
M. D. DE HUEPETUHE;E
M. D. DE MAGDALENA DE CAO;E
M. D. DE RINCONADA LLICUAR;E
M. D. DE LA UNION;E
M. D. DE PULLO;E
M. D. DE SAN LORENZO;E
M. D. DE SAN ANTONIO;E
M. D. DE CALZADA;E
M. D. DE JUAN GUERRA;E
M. D. DE TRES DE DICIEMBRE;E
M. D. DE JEQUETEPEQUE;E
M. D. DE EL MANTARO;E
M. D. DE LUNAHUANA;E
M. D. DE IBERIA;E
M. D. DE PUCACACA;E
M. D. DE CHILETE;E
M. D. DE COLCHA;E
M. D. DE YANQUE;E
M. D. DE SANTA ROSA DE OCOPA;E
M. D. DE CABANACONDE;E
M. D. COMANDANTE NOEL;E
M. D. DE SAN ANTONIO;E
M. D. DE PALLPATA;F
M. D. DE SAN FERNANDO;F
M. D. DE MAZAMARI;F
M. D. DE TICLACAYAN;F
M. D. DE QUIRUVILCA;F
M. D. DE LARES;F
M. D. DE HUAYOPATA;F
M. D. DE CHIARA;F
M. D. DE RAPAYAN;F
M. D. DE HUANCA;F
M. D. DE LOS MOROCHUCOS;F
M. D. DE PITUMARCA;F
M. D. DE PASTAZA;F
M. D. DE CHONGOS ALTO;F
M. D. DE COLONIA;F
M. D. DANIEL HERNANDES;F
M. D. DE KOSÑIPATA;F
M. D. DE ANCAHUASI;F
M. D. DE SEPAHUA;F
M. D. DE LONGOTEA;F
M. D. DE HUACCANA;F
M. D. DE JEBEROS;F
M. D. DE SAN FRANCISCO;F
M. D. DE PAZOS;F
M. D. DE HUAYLLABAMBA;F
M. D. DE ALBERTO LEVEAU;F
M. D. DE MOLINOS;F
M. D. DE MARGOS;F
M. D. DE LONYA GRANDE;F
M. D. DE VILCABAMBA;F
M. D. DE CHINCHA BAJA;F
M. D. DE DESAGUADERO;F
M. D. DE HUMAY;F
M. D. DE AHUAC;F
M. D. SAN PEDRO DE PALCO;F
M. D. DE MARIAS;F
M. D. DE EL MILAGRO;F
M. D. DE CAJA;F
M. D. DE CHANGUILLO;F
M. D. DE LAMAY;F
M. D. DE ZAPATERO;F
M. D. DE CUISPES;F
M. D. DE NESHUYA;F
M. D. DE CHOLON;F
M. D. DE CATAC;F
M. D. DE APATA;F
M. D. DE HUACCHIS;F
M. D. DE BELLAVISTA;F
M. D. DE PROGRESO;F
M. D. DE CONSTITUCION;F
M. D. DE CHUQUIS;F
M. D. DE CAYNA;F
M. D. DE CRISTO NOS VALGA;F
M. D. DE CHAZUTA;F
M. D. SANTIAGO DE PISCHA;F
M. D. DE INAMBARI;F
M. D. DE EL CARMEN;F
M. D. DE MACARI;F
M. D. DE UCHIZA;F
M. D. DE MOCHUMI;F
M. D. BUENA VISTA ALTA;F
M. D. DE CCOCHACCASA;F
M. D. DE ARAHUAY;F
M. D. DE MOYA;F
M. D. DE OYOLO;F
M. D. DE CUSCA;F
M. D. DE LIMBANI;F
M. D. DE CONDOROMA;F
M. D. DE SAN FRANCISCO;F
M. D. DE RIO GRANDE;F
M. D. DE SIVIA;F
M. D. DE BOLIVAR;F
M. D. DE LA JALCA;F
M. D. DE RIPAN;F
M. D. DE TOMAY KICHWA;F
M. D. DE URACA;F
M. D. SANTA MARIA DE CHICMO;F
M. D. DE SAN JUAN DEL ORO;F
M. D. DE CAJACAY;F
M. D. DE NUEVO PROGRESO;F
M. D. DE SAN JOSE DE QUERO;F
M. D. DE MILPUC;F
M. D. DE SAN ANTONIO DE CACHI;F
M. D. DE COLCAMAR;F
M. D. DE PAUCARA;F
M. D. DE ACCHA;F
M. D. TNT. CESAR LOPEZ;F
M. D. DE CAYNARACHI;F
M. D. DE FERNANDO LORES;F
M. D. DE HUACHOCOLPA;F
M. D. DE CONILA;F
M. D. DE RAZURI;F
M. D. DE SANTA CRUZ;F
M. D. DE AYAHUANCO;F
M. D. DE SANTA ROSA;F
M. D. DE URANMARCA;F
M. D. DE CACRA;F
M. D. DE TISCO;F
M. D. DE TAHUAMANU;F
M. D. DE QUINUA;F
M. D. DE LLAMA;F
M. D. DE LURICOCHA;F
M. D. DE VISCHONGO;F
M. D. DE HUACHON;F
M. D. DE NUEVA REQUENA;F
M. D. DE MESONES MURO;F
M. D. DE ACOS;F
M. D. DE EL PARCO;F
M. D. DE OCALLI;F
M. D. DE TOTOS;F
M. D. DE TANTARICA;F
M. D. DE EDUARDO VILLANUEVA;F
M. D. DOMINGO CHOQUEHUANCA;F
M. D. DE HUIMBAYOC;F
M. D. DE LUYA;F
M. D. DE CANAYRE;F
M. D. DE SANTA BARBARA;F
M. D. DE CHARCANA;F
M. D. DE CHAPIMARCA;F
M. D. DE CHACA;F
M. D. SAN MIGUEL CHACCRAMPA;F
M. D. DE HUANTAN;F
M. D. DE CHINGAS;F
M. D. DE COLCA;F
M. D. DE IHUARI;F
M. D. CHAVIN DE HUANTAR;G
M. D. DE ECHARATE;G
M. D. DE CAJAY;G
M. D. DE SANTA TERESA;G
M. D. DE RIO TAMBO;G
M. D. DE PACCHA;G
M. D. DE SUYO;G
M. D. DE CHALLABAMBA;G
M. D. DE LAYO;G
M. D. DE TACABAMBA;G
M. D. DE INKAWASI;G
M. D. DE OCOBAMBA;G
M. D. DE FRIAS;G
M. D. APARICIO POMARES;G
M. D. DE COSPAN;G
M. D. DE URARINAS;G
M. D. DE CIELO PUNCO;G
M. D. DE PAMPAROMAS;G
M. D. DE YAULI;G
M. D. DE CHAMACA;G
M. D. DE CAHUAPANAS;G
M. D. DE ACOCRO;G
M. D. DE MARA;G
M. D. DE USQUIL;G
M. D. DE CATACHE;G
M. D. DE ALTO NANAY;G
M. D. DE SOCOTA;G
M. D. DE POLVORA;G
M. D. DE ANCO;G
M. D. DE ACRAQUIA;G
M. D. DE HUANCARANI;G
M. D. DE PUEBLO LIBRE;G
M. D. DE PAMPACHIRI;G
M. D. DE MASISEA;G
M. D. DE JOSE GALVEZ;G
M. D. DE SALCABAMBA;G
M. D. SANTA ANA DE TUSI;G
M. D. DE HUANDO;G
M. D. DE BULDIBUYO;G
M. D. DE TOURNAVISTA;G
M. D. DE CHONTALI;G
M. D. DE OMACHA;G
M. D. DE RIO NEGRO;G
M. D. DE CACHACHI;G
M. D. DE PICHIGUA;G
M. D. DE CATILLUC;G
M. D. DE PALCA;G
M. D. DE PALCAZU;G
M. D. DE HONORIA;G
M. D. DE MARANGANI;G
M. D. DE LLUMPA;G
M. D. DE ANCHIHUAY;G
M. D. DE UCHURACCAY;G
M. D. DE ICHUÑA;G
M. D. DE COMAS;G
M. D. DE CAPILLAS;G
M. D. DE HUACHOCOLPA;G
M. D. DE ANCHONGA;G
M. D. DE SAN JOSE DEL ALTO;G
M. D. DE CALQUIS;G
M. D. DE IMAZA;G
M. D. DE HUABAL;G
M. D. DE CHOROPAMPA;G
M. D. DE TAPAIRIHUA;G
M. D. DE PISACOMA;G
M. D. DE ACOBAMBILLA;G
M. D. DE CAICAY;G
M. D. DE CHINCHAYPUJIO;G
M. D. DE CURGOS;G
M. D. DE CAPACHICA;G
M. D. DE TANTAMAYO;G
M. D. DE POMAHUACA;G
M. D. DE SAN MARCOS ROCCHAC;G
M. D. DE AYAPATA;G
M. D. DE SOPLIN;G
M. D. DE SAYAPULLO;G
M. D. DE CHORAS;G
M. D. DE LA COIPA;G
M. D. DE COCHABAMBA;G
M. D. DE MORROPE;G
M. D. DE EL CARMEN;G
M. D. DE CURICACA;G
M. D. DE SOCOS;G
M. D. DE QUICHES;G
M. D. DE JOSE SABOGAL;G
M. D. DE HUIPOCA;G
M. D. DE SONDORILLO;G
M. D. DE LA LIBERTAD DE PALLAN;G
M. D. DE ZEPITA;G
M. D. DE PACOBAMBA;G
M. D. DE PILCUYO;G
M. D. SAN PEDRO DE PUTINA;G
M. D. DE MIRGAS;G
M. D. DE COTARUSE;G
M. D. DE SONDOR;G
M. D. DE PACUCHA;G
M. D. DE PHARA;G
M. D. DE UMACHIRI;G
M. D. DE ALTO PICHIGUA;G
M. D. DE LLAYLLA;G
M. D. DE SAN ANTONIO;G
M. D. DE HUAYO;G
M. D. DE SAN BERNARDINO;G
M. D. DE TAURIJA;G
M. D. DE MUÑANI;G
M. D. DE AHUAYCHA;G
M. D. DE PAMPA HERMOSA;G
M. D. DE PIAS;G
M. D. DE CHUPA;G
M. D. DE SAN PEDRO;G
M. D. DE CORIS;G
M. D. DE SAN NICOLAS;G
M. D. DE PUCACOLPA;G
M. D. DE SITACOCHA;G
M. D. DE CODO DE POZUZO;G
M. D. DE CORONEL CASTAÑEDA;G
M. D. DE KISHUARA;G
M. D. DE CHARAT;G
M. D. DE SITABAMBA;G
M. D. DE POROTO;G
M. D. DE CIRCA;G
M. D. DE OCUMAL;G
M. D. DE HUAYLLABAMBA;G
M. D. DE UNION PROGRESO;G
M. D. DE SAQUENA;G
M. D. DE COATA;G
M. D. DE MARMOT;G
M. D. DE CHUGUR;G
M. D. DE CHANCAYBAÑOS;G
M. D. DE LAGUNAS;G
M. D. DE SALPO;G
M. D. DE ANDARAPA;G
M. D. DE SANTILLANA;G
M. D. DE ROSASPATA;G
M. D. DE VILQUE CHICO;G
M. D. DE PATAMBUCO;G
M. D. DE ALIS;G
M. D. DE GUZMANGO;G
M. D. DE NIEPOS;G
M. D. DE CHANCAY;G
M. D. DE SANTO TOMAS;G
M. D. DE CHIRIMOTO;G
M. D. DE MATARA;G
M. D. DE SAN JUAN;G
M. D. DE SOROCHUCO;G
M. D. DE CHADIN;G
M. D. DE LA RAMADA;G
M. D. DE SAN LUIS DE LUCMA;G
M. D. UNION AGUA BLANCA;G
M. D. DE COSME;G
M. D. DE PUCAYACU;G
M. D. DE BAMBAMARCA;G
M. D. DE AMANTANI;G
M. D. DE ACHAYA;G
M. D. DE CURPAHUASI;G
M. D. DE CONDURIRI;G
M. D. DE TUPAC AMARU;G
M. D. DE COCHARCAS;G
M. D. DE HUANIPACA;G
M. D. DE GAMARRA;G
M. D. DE LA CAPILLA;G
M. D. DE HUAYLLACAYAN;G
M. D. DE URPAY;G
M. D. DE HUAMBO;G
M. D. DE MONOBAMBA;G
M. D. DE NINABAMBA;G
M. D. DE YAUCA DEL ROSARIO;G
M. D. DE LUCRE;G
M. D. DE CHALLHUAHUACHO;F
M. D. DE QUIMBIRI;F
M. D. DE TORATA;F
M. D. DE ITE;F
M. D. DE PUINAHUA;F
M. D. DE VILLA VIRGEN;F
M. D. DE PARCOY;F
M. D. DE HUANTAR;F
M. D. DE HUACHIS;F
M. D. DE HUACACHI;F
M. D. DE EL INGENIO;F
M. D. DE HAQUIRA;F
M. D. DE MORONA;F
M. D. DE LAS LOMAS;F
M. D. DE VITOR;F
M. D. DE PARDO MIGUEL;F
M. D. DE CURAHUASI;F
M. D. DE LA MORADA;F
M. D. DE AWAJUN;F
M. D. DE VELILLE;F
M. D. DE YAMBRASBAMBA;F
M. D. DE LAGUNAS;F
M. D. DE HUANOQUITE;F
M. D. DE MORO;F
M. D. DE POROY;F
M. D. DE MAZAN;F
M. D. DE FLORIDA;F
M. D. DE ILLIMO;F
M. D. DE COTABAMBAS;F
M. D. DE PISAC;F
M. D. DE CAMPOVERDE;F
M. D. DE EMILIO SAN MARTIN;F
M. D. DE SAMUGARI;F
M. D. STA. CATALINA DE MOSSA;F
M. D. SAN JUAN TARUCANI;F
M. D. DE SAYLLA;F
M. D. DE SANTA ROSA;F
M. D. DE ANTAUTA;F
M. D. DE CUMBA;F
M. D. DE CULEBRAS;F
M. D. DE TRES UNIDOS;F
M. D. DE EL ESLABON;F
M. D. DE LA MATANZA;F
M. D. DE INDEPENDENCIA;F
M. D. DE UCO;F
M. D. DE JANGAS;F
M. D. DE POMACANCHI;F
M. D. DE ALTO TAPICHE;F
M. D. SAN PEDRO DE CHANA;F
M. D. DE CARUMAS;F
M. D. DE MARCARA;F
M. D. DE TABALOSOS;F
M. D. DE HUARANCHAL;F
M. D. DE SAN JUAN DE BIGOTE;F
M. D. DE CONCHUCOS;F
M. D. DE TAMBO;F
M. D. DE MASIN;F
M. D. DE LLOCHEGUA;F
M. D. DE HUANCABAMBA;F
M. D. DE CACHICADAN;F
M. D. DE SANTA ROSA DE ALTO;F
M. D. DE CAPELO;F
M. D. DE YAUTAN;F
M. D. DE JAYANCA;F
M. D. DE MOTUPE;F
M. D. DE LONGAR;F
M. D. DE MARCAPOMACOCHA;F
M. D. DE CHUSCHI;F
M. D. DE CHINCHERO;F
M. D. DE HUARO;F
M. D. SAN PABLO;F
M. D. DE SUITUCANCHA;F
M. D. DE HUAROCONDO;F
M. D. DE CABANILLAS;F
M. D. DE TAPICHE;F
M. D. DE YANAS;F
M. D. DE TINGO;F
M. D. DE ANGASMARCA;F
M. D. DE MANCOS;F
M. D. DE CHAGLLA;F
M. D. DE TUCUME;F
M. D. DE PACHIZA;F
M. D. DE CHECACUPE;F
M. D. DE OCUCAJE;F
M. D. DE AJOYANI;F
M. D. DE PUERTO BERMUDEZ;F
M. D. DE PACAICASA;F
M. D. DE PUCARA;F
M. D. DE PUCYURA;F
M. D. DE LAMBRAMA;F
M. D. DE SAN PEDRO;F
M. D. DE AMASHCA;F
M. D. DE LA PECA;F
M. D. DE IRAZOLA;F
M. D. DE CAMPORREDONDO;F
M. D. DE CHAPARRA;F
M. D. DE MIRAFLORES;F
M. D. DE ROSARIO;F
M. D. DE SARAYACU;F
M. D. DE TINTA;F
M. D. DE CHICLA;F
M. D. DE INCLAN;F
M. D. DE INDEPENDENCIA;F
M. D. ALONSO DE ALVARADO;F
M. D. SAN PEDRO DE CORIS;F
M. D. DE SAN ANTON;F
M. D. DE SAYAN;F
M. D. DE CHICHAS;F
M. D. DE POTONI;F
M. D. DE JEPELACIO;F
M. D. DE PITIPO;F
M. D. DE LUYANDO;F
M. D. DE SICCHEZ;F
M. D. DE USICAYOS;F
M. D. DE RIO GRANDE;F
M. D. DE ZURITE;F
M. D. DE CHACAPALPA;F
M. D. DE QUILCAPUNCU;F
M. D. DE PACCARITAMBO;F
M. D. DE OLLEROS;F
M. D. DE RANRAHIRCA;F
M. D. DE PUYCA;F
M. D. DE ACOPIA;F
M. D. DE PUEBLO NUEVO;F
M. D. DE ALTO BIAVO;F
M. D. DE PADRE MARQUEZ;F
M. D. DE SANTA ROSA DE QUIVES;F
M. D. DE PACHIA;F
M. D. DE PAMPAS DE HOSPITAL;F
M. D. DE POMACANCHA;F
M. D. DE CUYOCUYO;F
M. D. DE CALANA;F
M. D. DE HUANCARAMA;F
M. D. DE CORANI;F
M. D. DE PATAYPAMPA;F
M. D. DE HUAMANGUILLA;F
M. D. DE PUCARA;F
M. D. DE BUENOS AIRES;F
M. D. DE MOSOC LLACTA;F
M. D. DE COASA;F
M. D. DE ALTO SAPOSOA;F
M. D. DE ACOPAMPA;F
M. D. DE YACUS;F
M. D. DE MADRE DE DIOS;F
M. D. DE MAÑAZO;F
M. D. DE HUATASANI;F
M. D. DE NUÑOA;F
M. D. DE HUICUNGO;F
M. D. DE TINGO DE PONASA;F
M. D. DE SHANAO;F
M. D. DE SHATOJA;F
M. D. DE RONDOCAN;F
M. D. DE CUÑUMBUQUI;F
M. D. DE SAN JOSE;F
M. D. DE HUAMBALPA;F
M. D. DE QUIVILLA;F
M. D. DE PAMPAMARCA;F
M. D. DE AYAVI;F
M. D. DE YARABAMBA;E
M. D. DE PICHARI;E
M. D. DE MARCONA;E
M. P. DE ILABAYA;E
M. D. DE UCHUMAYO;E
M. D. DE BERNAL;E
M. D. DE LA JOYA;E
M. D. DE CHALA;E
M. D. DE EL ALTO;E
M. D. DE HUASICANCHA;E
M. D. DE MOROCOCHA;E
M. D. DE COLAN;E
M. D. DE COCACHACRA;E
M. D. DE NUEVO IMPERIAL;E
M. D. DE VICE;E
M. D. DE SORITOR;E
M. D. DE OYOTUN;E
M. D. DE LOBITOS;E
M. D. DE NEPEÑA;E
M. D. DE QUEQUEÑA;E
M. D. DE SANTIAGO;E
M. D. DE MACHUPICCHU;E
M. D. DE NUEVA ARICA;E
M. D. DE MORROPON;E
M. D. DE CRUCERO;E
M. D. DE SAMA;E
M. D. DE LA BREA;E
M. D. DE PUEBLO NUEVO;E
M. D. DE YAULI;E
M. D. DE SAMUEL PASTOR;E
M. D. DE PICSI;E
M. D. CANOAS DE PUNTA SAL;E
M. D. DE LOS ORGANOS;E
M. D. DE ANDAHUAYLILLAS;E
M. D. DE OROPESA;E
M. D. DE CHOCOPE;E
M. D. DE HUALLANCA;E
M. D. DE QUILCAS;E
M. D. DE VON HUMBOLDT;E
M. D. DE ATICO;E
M. D. DE PATAPO;E
M. D. DE CORRALES;E
M. D. DE PUNTA DE BOMBON;E
M. D. DE VILLA RICA;E
M. D. DE CHONGOYAPE;E
M. D. DE VEGUETA;E
M. D. DE JENARO HERRERA;E
M. D. DE SANTA RITA DE SIGUAS;E
M. D. DE ISLAY;E
M. D. DE CHACOCHE;E
M. D. DE QUERECOTILLO;E
M. D. DE EL TALLAN;E
M. D. DE PUNCHAO;E
M. D. DE JAZAN;E
M. D. DE ACARI;E
M. D. DE LUCRE;E
M. D. DE ANCO HUALLO;E
M. D. DE SANTA LUCIA;E
M. D. DE SAMANCO;E
M. D. DE LLACLLIN;E
M. D. DE MIGUEL CHECA;E
M. D. DE DEAN VALDIVIA;E
M. D. DE IGNACIO ESCUDERO;E
M. D. DE CAMANTI;E
M. D. NICOLAS DE PIEROLA;E
M. D. DE PACCHA;E
M. D. DE CHAO;E
M. D. DE SAN CRISTOBAL;E
M. D. DE SANTIAGO DE CAO;E
M. D. DE BELLA UNION;E
M. D. DE ELIAS SOPLIN VARGAS;E
M. D. DE SANGARARA;E
M. D. DE AUCARA;E
M. D. DE SAN JOSE;E
M. D. DE CAMILACA;E
M. D. DE CHICAMA;E
M. D. DE PATIVILCA;E
M. D. DE REQUE;E
M. D. DE COYA;E
M. D. DE PILLPINTO;E
M. D. DE OCOÑA;E
M. D. DE SANTA EULALIA;E
M. D. DE MARCA;E
M. D. DE TATE;E
M. D. DE SAN MATEO;E
M. D. DE SAÑO;E
M. D. DE EL PORVENIR;E
M. D. DE SALITRAL;E
M. D. DE ACHOMA;E
M. D. SAN ISIDRO DE MAINO;E
M. D. DE PUQUINA;E
M. D. DE YUCAY;E
M. D. DE OROPESA;E
M. D. DE PACHACUTEC;E
M. D. DE LAGUNAS;E
M. D. DE VIRACO;E
M. D. SAN JOSE DE LOS MOLINOS;E
M. D. DE ÑAHUIMPUQUIO;E
M. D. DE MATAPALO;E
M. D. DE SAN LUIS;E
M. D. DE SAN JACINTO;E
M. D. DE SAN PEDRO DE CAJAS;E
M. D. JOSE MARIA QUIMPER;E
M. D. DE LA CRUZ;E
M. D. DE CHONGOS BAJO;E
M. D. DE GUADALUPITO;E
M. D. DE SAN HILARION;E
M. D. DE SAUCE;E
M. D. DE YANTALO;E
M. D. DE CACATACHI;E
M. D. DE QUILAHUANI;E
M. D. DE HUAYA;E
M. D. DE CONGAS;E
M. D. DE SABAINO;E
M. D. DE NUEVO CHIMBOTE;D
M. D. DE VISTA ALEGRE;D
M. D. CORONEL ALBARRACIN;D
M. D. DE CERRO COLORADO;D
M. D. DE SANTIAGO;D
M. D. DE SAN SEBASTIAN;D
M. D. DE INDEPENDENCIA;D
M. D. DE CAYMA;D
M. D. DE SOCABAYA;D
M. D. DE MAJES;D
M. D. ALTO SELVA ALEGRE;D
M. D. DE EL ALGARROBAL;D
M. D. DE VENTANILLA;D
M. D. DE TAMBO GRANDE;D
M. D. DE TIABAYA;D
M. D. DE MARIANO MELGAR;D
M. D. DE CASTILLA;D
M. D. DE YURA;D
M. D. DE LA VICTORIA;D
M. D. DE SALAS;D
M. D. DE CATACAOS;D
M. D. DE LA BANDA DE SHILCAYO;D
M. D. SAN JUAN BAUTISTA;D
M. D. DE CIUDAD NUEVA;D
M. D. DE MANANTAY;D
M. D. DE LOS AQUIJES;D
M. D. DE LARCO HERRERA;D
M. D. DE CHARACATO;D
M. D. DE SUBTANJALLA;D
M. D. DE LEONARDO ORTIZ;D
M. D. DE TINGUIÑA;D
M. D. DE SAMEGUA;D
M. D. DE LA ESPERANZA;D
M. D. DE SACHACA;D
M. D. DE PIMENTEL;D
M. D. DE JACOBO HUNTER;D
M. D. DE TALAVERA;D
M. D. DE NUEVA CAJAMARCA;D
M. D. DE LUIS BUSTAMANTE;D
M. D. DE WANCHAQ;D
M. D. DE PARCONA;D
M. D. DE SAN JERONIMO;D
M. D. DE MIRAFLORES;D
M. D. DE LAREDO;D
M. D. DE CHILCA;D
M. D. DE PACASMAYO;D
M. D. DE PANGOA;D
M. D. DE SUPE;D
M. D. DE LA UNION;D
M. D. DE GUADALUPE;D
M. D. DE AGUAS VERDES;D
M. D. DE SUNAMPE;D
M. D. DE POCOLLAY;D
M. D. DE CARMEN ALTO;D
M. D. DE MI PERU;D
M. D. DE COISHCO;D
M. D. DE PICHANAQUI;D
M. D. DE IMPERIAL;D
M. D. DE PAIJAN;D
M. D. DE CHANCAY;D
M. D. DE MOLLEBAYA;D
M. D. DE SAN JUAN BAUTISTA;D
M. D. DE MALA;D
M. D. DE CASA GRANDE;D
M. D. SAN JUAN BAUTISTA;D
M. D. DE LA PERLA;D
M. D. LOS BAÑOS DEL INCA;D
M. D. DE BELEN;D
M. D. DE PUNCHANA;D
M. D. DE SICAYA;D
M. D. DE SABANDIA;D
M. D. DE FLORENCIA DE MORA;D
M. D. DE HUAURA;D
M. D. DE YAUYOS;D
M. D. DE PACOCHA;D
M. P. J. BASADRE - LOCUMBA;B
M. P. DE CHUMBIVILCAS;B
M. P. DE HUARI;B
M. P. DE AYABACA;B
M. P. DE LAURICOCHA-JESUS;B
M. P. DE OTUZCO;B
M. P. FITZCARRALD - SAN LUIS;B
M. P. DE CARHUAZ;B
M. P. COTABAMBAS -TAMBOBAMBA;B
M. P. DE SAN MIGUEL;B
M. P. DE TAYACAJA - PAMPAS;B
M. P. DE LA MAR - SAN MIGUEL;B
M. P. DE DATEM DEL MARAÑON;B
M.P. DE PATAZ - TAYABAMBA;B
M. P. DE CALCA;B
M. P. DE SANTIAGO DE CHUCO;B
M. P. DE JULCAN;B
M. P. CAYLLOMA - CHIVAY;B
M. P. DE URUBAMBA;B
M. P. AYMARAES - CHALHUANCA;B
M. P. DOS DE MAYO - LA UNION;B
M. P. DE LUCANAS - PUQUIO;B
M. P. DE CARABAYA - MACUSANI;B
M. P. DE HUANCABAMBA;B
M. P. LUZURIAGA - PISCOBAMBA;B
M. P. DE ANTA;B
M. P. DE GRAN CHIMU-CASCAS;B
M. P. DE ANGARAES - LIRCAY;B
M. P. DE LORETO - NAUTA;B
M. P. C. VILLAR - ZORRITOS;B
M. P. DE AMBO;B
M. P. DE PACHITEA - PANAO;B
M. P. DE SANTA CRUZ;B
M. P. DE HUAYLAS - CARAZ;B
M. P. MARAÑON-HUACRACHUCO;B
M. P. DE SAN IGNACIO;B
M. P. DE CAMANA;B
M. P. DE CANAS - YANAOCA;B
M. P. DE ACOBAMBA;B
M. P. DE LA UNION - COTAHUASI;B
M. P. DE SANDIA;B
M. P. DE YUNGUYO;B
M. P. DE GRAU - CHUQUIBAMBILLA;B
M. P. EL DORADO - SAN JOSE SISA;B
M. P. DE LUYA - LAMUD;B
M. P. DE CONTUMAZA;B
M. P. DE PALPA;B
M. P. DE HUAMALIES - LLATA;B
M. P. DE PICOTA;B
M. P. DE ANTABAMBA;B
M. P. DE RECUAY;B
M. P. DE CANGALLO;B
M. P. DE YAUYOS;B
M. P. DE HUALLAGA - SAPOSOA;B
M. P. YAROWILCA - CHAVINILLO;B
M. P. DE BELLAVISTA;B
M. P. SUCRE - QUEROBAMBA;B
M. P. SAN ANTONIO DE PUTINA;B
M. P. DE LAMAS;B
M. P. DE HUANCANE;B
M. P. DE CANDARAVE;B
M. P. SANCHEZ CERRO - OMATE;B
M. P. DE AIJA;B
M. P. DE MANU;B
M. P. DE LAMPA;B
M. P. DE CASTILLA - APLAO;B
M. P. DE BONGARA - JUMBILLA;B
M. P. DE BOLOGNESI - CHIQUIAN;B
M. P. DE CANTA;B
M. P. DE CAJATAMBO;B
M. P. DE LIMA (CERCADO);A
M. P. DE ESPINAR;A
M. P. DE EL SANTA - CHIMBOTE;A
M. P. DE ICA;A
M. P. DE MARISCAL NIETO;A
M. P. DE PIURA;A
M. P. DE SECHURA;A
M. P. DEL CUZCO;A
M. P. DEL ALTO AMAZONAS;A
M. P. DEL CALLAO;A
M. P. DE TALARA - PARIÑAS;A
M. P. DE SANCHEZ CARRION;A
M. P. DE PAITA;A
M. P. DE HUARAZ;A
M. P. LA CONVENCION - STA. ANA;A
M. P. DE ILO;A
M. P. DE REQUENA;A
M. D. DE MIRAFLORES;C
M. P. DE CANCHIS - SICUANI;A
M. P. DE NAZCA;A
M. D. DE VILLA MARIA TRIUNFO;C
M. P. DE AREQUIPA;A
M. D. DE VILLA EL SALVADOR;C
M. P. DE CAJAMARCA;A
M. P. DE CUTERVO;A
M. P. DE CORONEL PORTILLO;A
M. P. DE CHOTA;A
M. P. MORROPON - CHULUCANAS;A
M. P. DE PISCO;A
M. P. DE SULLANA;A
M. P. DE ISLAY - MOLLENDO;A
M. P. DE TACNA;A
M. P. DE JAEN;A
M. P. DE TUMBES;A
M. P. DE ANDAHUAYLAS;A
M. D. DE LURIGANCHO (CHOSICA).;C
M. P. DE CASMA;A
M. P. DE CHINCHA -CHINCHA ALTA;A
M. P. DE HUAURA;A
M. P. DE MELGAR - AYAVIRI;A
M. D. DE SANTIAGO DE SURCO;C
M. P. DE LAMBAYEQUE;A
M. P. DE RIOJA;A
M. P. DE CHACHAPOYAS;A
M. D. DE SAN MARTIN DE PORRES;C
M. D. SAN JUAN DE MIRAFLORES;C
M. P. DE TAMBOPATA;A
M. D. DE SANTA ROSA;C
M. P. DE HUARMEY;A
M. P. DE MOYOBAMBA;A
M. P. DE HUANCAVELICA;A
M. P. DE BAGUA;A
M. P. DE FERREÑAFE;A
M. P. DE PUNO;A
M. P. DE HUANTA;A
M. D. DE PACHACAMAC;C
M. P. DE CHANCHAMAYO;A
M. P. DE BARRANCA;A
M. D. DE SANTA ANITA;C
M. P. DE HUANUCO;A
M. P. DE CHUPACA;A
M. D. DE LURIN;C
M. P. DE TARMA;A
M. P. DE UTCUBAMBA;A
M. P. MARISCAL CACERES -JUANJUI;A
M. P. SAN MARTIN - TARAPOTO;A
M. D. DE SAN MIGUEL;C
M. P. DE YAULI - LA OROYA;A
M. D. DE INDEPENDENCIA;C
M. D. DE BARRANCO;C
M. D. DE PUCUSANA;C
M. D. DE LINCE;C
M. D. DE SAN LUIS;C
M. D. DE PUNTA NEGRA;C
M. D. DE SAN MARCOS;G
M. D. DE MEGANTONI;G
M. D. DE SAN ANTONIO;G
M. D. DE QUELLOUNO;G
M. D. DE VILCABAMBA;G
M. D. DE UNIÓN ASHANINKA;G
M. D. DE LIVITACA;G
M. D. DE CCATCA;G
M. D. DE BAJO BIAVO;G
M. D. DE KUMPIRUSHIATO;G
M. D. DE PONTO;G
M. D. DE MANITEA;G
M. D. DE COYLLURQUI;G
M. D. DE OLMOS;G
M. D. DE OCONGATE;G
M. D. DE SANTA ROSA;G
M. D. DE COLQUEMARCA;G
M. D. DE CHALACO;G
M. D. DE OLLANTAYTAMBO;G
M. D. DE YAMANGO;G
M. D. DE VILLA KINTIARINA;G
M. D. DE CAJARURO;G
M. D. DE PULAN;G
M. D. SANTA MARIA DEL VALLE;G
M. D. DE UMARI;G
M. D. DE PACAIPAMPA;G
M. D. DE PATAZ;G
M. D. DE HUALGAYOC;G
M. D. DE QUIQUIJANA;G
M. D. DE VINCHOS;G
M. D. DE MAQUIA;G
M. D. DE ANDOAS;G
M. D. DE HUANCARAY;G
M. D. DE PARINARI;G
M. D. DE HUARANGO;G
M. D. DE CHAVIN;G
M. D. DE LA YARADA-LOS PALOS;G
M. D. DE HUACAR;G
M. D. DE QUINJALCA;G
M. D. DE QUILLO;G
M. D. DE OCROS;G
M. D. DE CASHAPAMPA;G
M. D. DE CAYARANI;G
M. D. DE TIGRE;G
M. D. DE YANATILE;G
M. D. DE OCOBAMBA;G
M. D. DE COPORAQUE;G
M. D. DE YAURISQUE;G
M. D. DE ENCAÑADA;G
M. D. DE ANRA;G
M. D. DE SANAGORAN;G
M. D. DE MARANURA;G
M. D. DE PAIMAS;G
M. D. DE CHILLIA;G
M. D. DE YAUYA;G
M. D. DE MARCAPATA;G
M. D. DE CANCHAQUE;G
M. D. DE COLQUEPATA;G
M. D. DE TABACONAS;G
M. D. DE LLUSCO;G
M. D. DE CAPACMARCA;G
M. D. DE SAN ANTONIO;G
M. D. DE HUARMACA;G
M. D. DE ACORIA;G
M. D. DE SARTIMBAMBA;G
M. D. DE COLASAY;G
M. D. DE QUIÑOTA;G
M. D. EL CARMEN DE FRONTERA;G
M. D. DE NAPO;G
M. D. DE RIO SANTIAGO;G
M. D. DE SURCUBAMBA;G
M. D. DE CHINCHAO;G
M. D. DE TROMPETEROS;G
M. D. DE CHURUBAMBA;G
M. D. DE SAN JOSE DE LOURDES;G
M. D. DE HUASMIN;G
M. D. DE MARAS;G
M. D. DE TAHUANIA;G
M. D. DE QUEROCOTILLO;G
M. D. DE MANSERICHE;G
M. D. DE TAMBILLO;G
M. D. DE COLCABAMBA;G
M. D. DE PACHAMARCA;G
M. D. DE CABANA;G
M. D. DE LLACANORA;G
M. D. DE ALTO TRUJILLO;G
M. D. DE INCAHUASI;G
M. D. DE CUSIPATA;G
M. D. DE SAN FRANCISCO DE CAYRA N;G
M. D. DE QUICHUAS;G
M. D. DE TORRES CAUSANA;G
M. D. DE YURUA;G
M. D. DE LAS PIRIAS;G
M. D. DE CHECCA;G
M. D. DE YAMON;G
M. D. DE MACHE;G
M. D. DE MOLLEPATA;G
M. D. DE PAROBAMBA;G
M. D. DE JESUS;G
M. D. DE VIZCATÁN DEL ENE;G
M. D. DE SAN MIGUEL DE CAURI;G
M. D. DE YAUYUCAN;G
M. D. DE LIMATAMBO;G
M. D. DE CCAPI;G
M. D. DE PARARIN;G
M. D. DE YUYAPICHIS;G
M. D. DE MARCABAL;G
M. D. DE RANRACANCHA;G
M. D. DE CASCA;G
M. D. DE KUNTURKANKI;G
M. D. DE ARAMANGO;G
M. D. DE PALCA;G
M. D. DE ASILLO;G
M. D. DE GREGORIO PITA;G
M. D. DE CALAMARCA;G
M. D. DE SAN SALVADOR;G
M. D. DE QUEROCOTO;G
M. D. DE CACERES DEL PERU;G
M. D. DE ASUNCION;G
M. D. DE OMIA;G
M. D. DE SAN FELIPE;G
M. D. DE LUCMA;G
M. D. DE ANDAYMARCA;G
M. D. DE ACORA;G
M. D. DE CHUGAY;G
M. D. DE SAN RAFAEL;G
M. D. DE HUANUHUANU;G
M. D. DE BALSAPUERTO;G
M. D. DE PINRA;G
M. D. DE CCARHUAYO;G
M. D. DE KAÑARIS;G
M. D. DE SAN GABAN;G
M. D. NICOLAS VALCARCEL;G
M. D. DE SAPILLICA;G
M. D. DE CALLAYUC;G
M. D. DE SAN JUAN;G
M. D. DE PARAS;G
M. D. DE CHIGUIRIP;G
M. D. DE COCHORCO;G
M. D. DE CASITAS;G
M. D. DE SUYCKUTAMBO;G
M. D. DE PARIACOTO;G
M. D. DE OCORURO;G
M. D. DE MACATE;G
M. D. DE HUANCANO;G
M. D. DE CHALAMARCA;G
M. D. DE LANCONES;G
M. D. DE ANGUIA;G
M. D. DE ITUATA;G
M. D. DE CONDEBAMBA;G
M. D. DE SAN PABLO DE PILLAO;G
M. D. DE MIRACOSTA;G
M. D. DE IPARIA;G
M. D. DE SANTA CRUZ;G
M. D. DE SANTIAGO DE PUPUJA;G
M. D. DE AGALLPAMPA;G
M. D. DE RONDOS;G
M. D. DE ACOSTAMBO;G
M. D. DE KELLUYO;G
M. D. DE VALERA;G
M. D. DE ASQUIPATA;G
M. D. DE SANTO DOMINGO;G
M. D. DE ONGON;G
M. D. DE CAMPANILLA;G
M. D. DE SANTA CRUZ;G
M. D. DE YANAMA;G
M. D. DE YANAQUIHUA;G
M. D. DE ORURILLO;G
M. D. DE PEVAS;G
M. D. DE QUEHUE;G
M. D. DE COCABAMBA;G
M. D. DE LOCROJA;G
M. D. DE TARACO;G
M. D. DE LA MERCED;G
M. D. DE HUAMBOS;G
M. D. DE POMATA;G
M. D. DE VILCANCHOS;G
M. D. DE SAMAN;G
M. D. DE CHUNGUI;G
M. D. DE SHILLA;G
M. D. DE CONCHAN;G
M. D. DE AMBAR;G
M. D. DE CARACOTO;G
M. D. DE CARABAMBA;G
M. D. SAN ANDRES DE CUTERVO;G
M. D. DE SAN PABLO;G
M. D. DE VISTA ALEGRE;G
M. D. DE TURPO;G
M. D. DE MATACOTO;G
M. D. STO.DOMINGO DE LA CAPILLA;G
M. D. DE IGUAIN;G
M. D. DE COCHABAMBA;G
M. D. DE PINTO RECODO;G
M. D. DE SALCAHUASI;G
M. D. DE DANIEL ALOMIA ROBLES;G
M. D. DE SAN MARTIN;G
M. D. DE PATIBAMBA;G
M. D. DE HERMILIO VALDIZAN;G
M. D. DE SIMBAL;G
M. D. DE LANGUI;G
M. D. DE PARIAHUANCA;G
M. D. DE TUMBADEN;G
M. D. DE LAS AMAZONAS;G
M. D. DE BOQUERON;G
M. D. SAN MIGUEL DE EL FAIQUE;G
M. D. DE CORTEGANA;G
M. D. DE SUCRE;G
M. D. DE LLAPA;G
M. D. DE HUANCASPATA;G
M. D. DE PUÑOS;G
M. D. DE CCORCCA;G
M. D. DE PUEBLO NUEVO;G
M. D. DE SANTA ROSA;G
M. D. DE MAGDALENA;G
M. D. DE PUSI;G
M. D. DE HUARIBAMBA;G
M. D. DE QUISQUI;G
M. D. DE JILILI;G
M. D. DE ARAPA;G
M. D. DE QUIACA;G
M. D. DE SALAS;G
M. D. DE SHUNTE;G
M. D. DE PAJARILLO;G
M. D. DE PISUQUIA;G
M. D. DE ANTA;G
M. D. DE OXAMARCA;G
M. D. STO. DOMINGO DE OLLEROS;G
M. D. DE CABANILLA;G
M. D. DE TAPAY;G
M. D. DE YURACMARCA;G
M. D. DE QUINUABAMBA;G
M. D. DE MARIATANA;G
M. D. DE SANTA ROSA;G
M. D. DE COCHABAMBA;G
M. D. DE CHAMBARA;G
M. D. DE HUATA;G
M. D. SAN BUENAVENTURA;G
M. D. DE HUAMANQUIQUIA;F
M. D. DE PAMPACOLCA;E
M. D. DE ONGOY;G
M. D. DE HUALLANCA;F
M. D. DE GUZMAN BARRON;G
M. D. DE SAN PEDRO;F
M. D. DE SORAS;E
M. D. DE JAQUI;E
M. D. DE SAN FRANCISCO;G
M. D. DE PAICO;E
M. D. DE CHAVIÑA;F
M. D. DE CONDORMARCA;G
M. D. SANTIAGO DE LUCANAMARCA;F
M. D. DE SAN PEDRO DE LARCAY;F
M. D. DE HUANCARQUI;E
M. D. DE SAN ANTONIO DE CHUCA;F
M. D. DE CHACHAS;F
M. D. DE CURIBAYA;E
M. D. DE MORCOLLA;E
M. D. DE EL PORVENIR;F
M. D. DE SANTO TOMAS DE PATA;G
M. D. DE LAMPA;E
M. D. DE CAPASO;G
M. D. DE LLOQUE;E
M. D. DE HUACHOS;G
M. D. DE SAN JUAN LOPECANCHA;G
M. D. DE EL ORO;E
M. D. DE HUANCARAYLLA;E
M. D. DE CHICCHE;F
M. D. DE YANACA;F
M. D. DE ANDARAY;G
M. D. DE CALLALLI;F
M. D. DE GRANADA;F
M. D. DE ROBLE;F
M. D. DE CHUMPI;E
M. D. DE COCHAS;G
M. D. DE BOLOGNESI;G
M. D. DE SAN CRISTOBAL;F
M. D. DE TUTI;E
M. D. DE OLLEROS;F
M. D. DE SAN SALVADOR DE QUIJE;G
M. D. DE TARUCACHI;E
M. D. DE QUICACHA;F
M. D. DE HUATA;G
M. D. DE LARAMATE;F
M. D. TORIBIO CASANOVA;G
M. D. DE SAN MATEO OTAO;G
M. D. DE MOLLEBAMBA;F
M. D. DE LA PRIMAVERA;E
M. D. DE HUAROCHIRI;E
M. D. DE ALCA;E
M. D. DE SACSAMARCA;F
M. D. DE HUAYLLAPAMPA;F
M. D. DE MUSGA;G
M. D. DE MADRIGAL;E
M. D. DE POCOHUANCA;F
M. D. DE MARISCAL BENAVIDES;F
M. D. DE HUACASCHUQUE;F
M. D. DE PARCO;E
M. D. DE BAMBAS;E
M. D. DE TRITA;F
M. D. DE SALAMANCA;F
M. D. DE OLLARAYA;G
M. D. DE LLIPATA;E
M. D. DE LEONCIO PRADO;F
M. D. DE ZUÑIGA;F
M. D. DE HUAC - HUAS;G
M. D. SAN JOSE DE USHUA;F
M. D. DE HUACAÑA;E
M. D. DE YARUMAYO;G
M. D. DE CARANIA;E
M. D. SAN ROQUE DE CUMBAZA;F
M. D. DE TAURIA;E
M. D. DE PUTINZA;E
M. D. DE CATAHUASI;F
M. D. DE UPAHUACHO;G
M. D. DE VILCA;G
M. D. DE LARI;E
M. D. DE COALAQUE;F
M. D. DE CHILCAYMARCA;F
M. D. DE PACAPAUSA;F
M. D. DE QUERCO;F
M. D. DE ARENAL;E
M. D. DE CURASCO;F
M. D. DE CHOCOS;G
M. D. DE POLOBAYA;F
M. D. DE HUAQUIRCA;F
M. D. DE TAURIPAMPA;E
M. D. DE HUANDOVAL;F
M. D. DE MANTA;G
M. D. DE IRAY;F
M. D. DE PICHIRHUA;G
M. D. DE UTICYACU;G
M. D. DE ICHUPAMPA;E
M. D. DE SHUPLUY;G
M. D. DE SILLAPATA;G
M. D. DE PAMPAMARCA;F
M. D. DE CUPISNIQUE;G
M. D. DE CHILCAS;G
M. D. DE COLCA;F
M. D. DE CHIARA;F
M. D. DE SAYLA;F
M. D. DE ANDAJES;E
M. D. DE CAYARA;E
M. D. SANTA CRUZ DE ANDAMARCA;F
M. D. DE LLAMA;G
M. D. DE OMAS;F
M. D. DE COLCABAMBA;F
M. D. DE PACCHO;F
M. D. DE COCHAPETI;G
M. D. DE COCHAS;E
M. D. DE HUAMALI;E
M. D. DE LA LIBERTAD;G
M. D. DE CARHUAPAMPA;E
M. D. DE SAN JUAN DE IRIS;E
M. D. SAN JUAN DE SIGUAS;E
M. D. DE MARCAS;F
M. D. DE PAUCAR;E
M. D. DE TOTORA;G
M. D. DE SONCHE;F
M. D. DE MADEAN;F
M. D. DE COROSHA;G
M. D. DE HUAYRAPATA;F
M. D. DE CUTURAPI;F
M. D. DE LANGA;F
M. D. DE CHINCHIHUASI;G
M. D. DE SAN JOSE - CUENCA;G
M. D. DE ASUNCION;F
M. D. DE SAN CARLOS;E
M. D. DE INGUILPATA;F
M. D. DE SUCCHA;F
M. D. DE SANTO TORIBIO;G
M. D. DE LLAPO;E
M. D. DE SORAYA;G
M. D. DE VILCABAMBA;E
M. D. DE QUILCA;G
M. D. DE LLUTA;F
M. D. DE PARARCA;F
M. D. DE CHILCAYOC;F
M. D. DE ALCAMENCA;E
M. D. DE SANTA CRUZ DE TOLEDO;G
M. D. DE SAUCEPAMPA;G
M. D. DE PICHOS;F
M. D. DE JACAS CHICO;G
M. D. DE ATAURA;E
M. D. SAN LORENZO DE QUINTI;E
M. D. DE SURCO;F
M. D. DE LEONCIO PRADO;G
M. D. DE AYAVIRI;E
M. D. DE TNT. MANUEL CLAVERO;G
M. D. DE VILAVILA;F
M. D. DE SAN CRISTOBAL;E
M. D. DE YORONGOS;E
M. D. DE ESTIQUE PAMPA;E
M. D. DE SITAJARA;E
M. D. DE YAGUAS;G
M. D. DE TARAY;F
M. D. SANTIAGO DE TUCUMA;F
M. D. DE CHIRINOS;G
M. D. SAN SILVESTRE DE COCHAN;G
M. D. DE ROCCHACC;G
M. D. DE SARIN;G
M. D. DE CHALCOS;F
M. D. DE PILPICHACA;G
M. D. DE PALCA;F
M. D. DE COMBAPATA;F
M. D. DE TUMAY HUARACA;G
M. D. DE TAMBO DE MORA;E
M. D. DE OLLACHEA;F
M. D. MARISCAL CACERES;E
M. D. DE NAMORA;G
M. D. DE TARICA;G
M. D. DE TAMBO;F
M. D. SAN JUAN DE YANAC;G
M. D. DE PIRA;G
M. D. DE HUACULLANI;G
M. D. STA.ANA DE HUAYCAHUACHO;E
M. D. DE PROVIDENCIA;G
M. D. DE MARIANO DAMASO;D
M. D. DE CHACLACAYO;C
M. D. DE BELLAVISTA LA UNION;E
M. D. DE SUPE PUERTO;D
M. D. DE CONGALLA;G
M. D. DE HUARIACA;E
M. D. DE JAMALCA;G
M. D. DE RAGASH;G
M. D. DE ANCO;G
M. D. DE SANCOS;F
M. D. HUAYLLAY GRANDE;E
M. D. DE TAPO;G
M. D. DE ALTO INAMBARI;G
M. D . DE CURIMANA;F
M. D. DE LOMAS;E
M. D. DE HUACLLAN;F
M. D. DE MOLINOPAMPA;G
M. D. DE PAPAYAL;F
M. D. DE HUAYNACOTAS;F
M. D. DE SANTA ISABEL DE SIGUAS;G
M. D. DE PARAMONGA;D
M. D. DE PUCARA;F
M. D. DE AMOTAPE;E
M. D. DE KAQUIABAMBA;F
M. D. DE YANAHUAYA;F
M. D. DE PLATERIA;G
M. D. JUAN ESPINOZA MEDRANO;E
M. D. DE SANTA ROSA;E
